from,to,distance_old,h_max_old,cruise_height_old,climb_height_old,descent_height_old,distance_new,h_max_new,cruise_height_new,climb_height_new,descent_height_new,delta_h_max,delta_cruise_height
O01,S001,3063.407094930797,231.68289184570312,281.6828918457031,153.98289184570314,97.68289184570312,3063.407094930797,223.05661010742188,273.0566101074219,145.3566101074219,89.05661010742188,-8.62628173828125,-8.62628173828125
O01,S002,7435.2682483091,296.87615966796875,346.87615966796875,219.1761596679688,127.37615966796876,7435.2682483091,258.9542541503906,308.9542541503906,181.25425415039064,89.45425415039062,-37.921905517578125,-37.921905517578125
O01,S003,7261.065540953848,308.5106811523437,358.5106811523437,230.81068115234376,20.01068115234375,7261.065540953848,511.80413818359375,561.8041381835938,434.10413818359376,223.30413818359372,203.29345703125006,203.29345703125006
O01,S004,7745.651742751971,244.46731567382807,294.4673156738281,166.76731567382814,66.16731567382811,7745.651742751971,348.2391662597656,398.2391662597656,270.53916625976564,169.9391662597656,103.77185058593756,103.7718505859375
O01,S005,5302.0128076982855,169.03955078125,219.03955078125,91.33955078125,24.03955078125,5302.0128076982855,276.410888671875,326.410888671875,198.710888671875,131.410888671875,107.371337890625,107.371337890625
O01,S006,3181.0289144316203,275.1272277832031,325.1272277832031,197.42722778320316,10.327227783203114,3181.0289144316203,316.09783935546875,366.0978393554688,238.3978393554688,51.29783935546874,40.970611572265625,40.97061157226568
O01,S007,4533.821635606341,314.2220458984375,364.2220458984375,236.5220458984375,15.7220458984375,4533.821635606341,461.9731750488281,511.9731750488281,384.27317504882814,163.47317504882812,147.75112915039062,147.75112915039062
O01,S008,8109.461983662226,248.2891845703125,298.2891845703125,170.5891845703125,27.389184570312523,8109.461983662226,322.9093322753906,372.9093322753906,245.20933227539064,102.00933227539063,74.62014770507812,74.62014770507812
O01,S009,5722.672488722757,286.5618591308594,336.5618591308594,208.8618591308594,106.56185913085938,5722.672488722757,243.2289123535156,293.2289123535156,165.52891235351564,63.228912353515625,-43.33294677734378,-43.33294677734375
O01,S010,4778.43330136777,321.5816650390625,371.5816650390625,243.8816650390625,19.98166503906248,4778.43330136777,385.6365356445313,435.6365356445313,307.93653564453126,84.03653564453123,64.0548706054688,64.0548706054688
O01,S011,2817.14783394126,205.3607177734375,255.3607177734375,127.6607177734375,43.26071777343751,2817.14783394126,245.36175537109372,295.3617553710937,167.66175537109376,83.26175537109376,40.00103759765622,40.00103759765619
O01,S012,7398.43934212781,327.6239624023437,377.62396240234375,249.92396240234376,97.82396240234374,7398.43934212781,363.3009948730469,413.3009948730469,285.6009948730469,133.50099487304686,35.67703247070318,35.677032470703125
O01,S013,4848.700302599784,321.70806884765625,371.70806884765625,244.00806884765623,20.00806884765626,4848.700302599784,349.18182373046875,399.1818237304688,271.4818237304688,47.48182373046876,27.4737548828125,27.473754882812557
O01,S014,5410.909620502695,320.9825134277344,370.9825134277344,243.2825134277344,19.98251342773437,5410.909620502695,541.9473876953125,591.9473876953125,464.2473876953125,240.9473876953125,220.96487426757812,220.96487426757812
O01,S015,6019.105634595292,466.4627990722656,516.4627990722656,388.7627990722656,41.962799072265625,6019.105634595292,521.7992553710938,571.7992553710938,444.09925537109376,97.29925537109376,55.336456298828125,55.336456298828125
S001,O01,3063.407094930797,196.75572204589844,246.75572204589844,62.75572204589844,119.05572204589843,3063.407094930797,223.05661010742188,273.0566101074219,89.05661010742188,145.3566101074219,26.300888061523438,26.300888061523438
S001,S002,4375.111429947296,234.326171875,284.326171875,100.326171875,64.826171875,4375.111429947296,259.2448425292969,309.2448425292969,125.24484252929688,89.74484252929688,24.918670654296875,24.918670654296875
S001,S003,7646.659009326058,308.5106811523437,358.5106811523437,174.51068115234375,20.01068115234375,7646.659009326058,505.94439697265625,555.9443969726562,371.94439697265625,217.44439697265625,197.43371582031256,197.43371582031256
S001,S004,4947.397665203851,207.44631958007807,257.4463195800781,73.44631958007812,29.146319580078117,4947.397665203851,358.7777404785156,408.7777404785156,224.7777404785156,180.4777404785156,151.33142089843756,151.3314208984375
S001,S005,2935.3982704178266,233.321533203125,283.321533203125,99.321533203125,88.321533203125,2935.3982704178266,266.13800048828125,316.13800048828125,132.13800048828125,121.13800048828124,32.81646728515625,32.81646728515625
S001,S006,5296.389689052462,275.1272277832031,325.1272277832031,141.12722778320312,10.327227783203114,5296.389689052462,343.9356384277344,393.9356384277344,209.9356384277344,79.13563842773436,68.80841064453125,68.80841064453125
S001,S007,5179.657800128225,314.2220458984375,364.2220458984375,180.2220458984375,15.7220458984375,5179.657800128225,389.1753540039063,439.1753540039063,255.17535400390625,90.67535400390624,74.9533081054688,74.9533081054688
S001,S008,5983.170216573233,356.33746337890625,406.3374633789063,222.33746337890625,135.43746337890627,5983.170216573233,316.78717041015625,366.78717041015625,182.78717041015625,95.88717041015629,-39.55029296875,-39.55029296875006
S001,S009,2659.297911633031,217.6104736328125,267.6104736328125,83.6104736328125,37.6104736328125,2659.297911633031,243.2289123535156,293.2289123535156,109.22891235351562,63.228912353515625,25.618438720703097,25.618438720703125
S001,S010,3707.6479701128087,343.6112060546875,393.6112060546875,209.6112060546875,42.01120605468748,3707.6479701128087,381.0796813964844,431.0796813964844,247.0796813964844,79.47968139648435,37.468475341796875,37.468475341796875
S001,S011,2350.3360860171365,178.04286193847656,228.04286193847656,44.04286193847656,15.942861938476568,2350.3360860171365,226.38790893554688,276.3879089355469,92.38790893554688,64.28790893554688,48.34504699707031,48.34504699707031
S001,S012,4696.513291627057,253.3150787353516,303.3150787353516,119.31507873535156,23.51507873535155,4696.513291627057,385.599609375,435.599609375,251.599609375,155.799609375,132.2845306396484,132.28453063964838
S001,S013,2894.2496690637063,321.70806884765625,371.70806884765625,187.70806884765625,20.00806884765626,2894.2496690637063,328.3608093261719,378.3608093261719,194.36080932617188,26.660809326171886,6.652740478515625,6.652740478515625
S001,S014,5198.596162989784,405.0832214355469,455.0832214355469,271.0832214355469,104.08322143554688,5198.596162989784,550.0504150390625,600.0504150390625,416.0504150390625,249.0504150390625,144.96719360351562,144.96719360351562
S001,S015,5494.311766798541,436.229248046875,486.229248046875,302.229248046875,11.729248046875,5494.311766798541,547.315185546875,597.315185546875,413.315185546875,122.815185546875,111.0859375,111.0859375
S002,O01,7435.2682483091,355.8477783203125,405.8477783203125,186.3477783203125,278.1477783203125,7435.2682483091,258.9542541503906,308.9542541503906,89.45425415039062,181.25425415039064,-96.89352416992188,-96.89352416992188
S002,S001,4375.111429947296,266.29071044921875,316.29071044921875,96.79071044921876,132.29071044921875,4375.111429947296,259.2448425292969,309.2448425292969,89.74484252929688,125.24484252929688,-7.045867919921875,-7.045867919921875
S002,S003,9766.52585318764,308.5106811523437,358.5106811523437,139.01068115234375,20.01068115234375,9766.52585318764,571.1314086914062,621.1314086914062,401.6314086914063,282.63140869140625,262.62072753906256,262.62072753906256
S002,S004,2246.1060981727182,271.2457275390625,321.2457275390625,101.7457275390625,92.94572753906247,2246.1060981727182,283.658203125,333.658203125,114.158203125,105.358203125,12.4124755859375,12.4124755859375
S002,S005,3474.1318201907675,258.9542541503906,308.9542541503906,89.45425415039062,113.95425415039062,3474.1318201907675,356.79864501953125,406.7986450195313,187.29864501953125,211.79864501953125,97.84439086914062,97.84439086914068
S002,S006,9199.75149792535,517.8421020507812,567.8421020507812,348.34210205078125,253.04210205078124,9199.75149792535,344.2987060546875,394.2987060546875,174.7987060546875,79.49870605468749,-173.54339599609375,-173.54339599609375
S002,S007,8119.467045487778,314.2220458984375,364.2220458984375,144.7220458984375,15.7220458984375,8119.467045487778,424.7281799316406,474.7281799316406,255.22817993164065,126.22817993164062,110.50613403320312,110.50613403320312
S002,S008,4795.75091995656,259.3684387207031,309.3684387207031,89.86843872070312,38.46843872070315,4795.75091995656,331.8424987792969,381.8424987792969,162.34249877929688,110.9424987792969,72.47406005859375,72.47406005859375
S002,S009,1730.8827143173448,207.42649841308597,257.42649841308594,37.92649841308594,27.426498413085938,1730.8827143173448,278.2866516113281,328.2866516113281,108.78665161132812,98.28665161132812,70.86015319824216,70.86015319824219
S002,S010,5938.017877533433,327.08203125,377.08203125,157.58203125,25.482031249999977,5938.017877533433,441.85394287109375,491.85394287109375,272.3539428710937,140.25394287109373,114.77191162109375,114.77191162109375
S002,S011,5790.086452584073,311.78533935546875,361.7853393554688,142.28533935546875,149.68533935546876,5790.086452584073,311.78533935546875,361.7853393554688,142.28533935546875,149.68533935546876,0.0,0.0
S002,S012,3071.997266634248,285.02691650390625,335.02691650390625,115.52691650390624,55.22691650390624,3071.997266634248,358.1782531738281,408.1782531738281,188.67825317382807,128.3782531738281,73.15133666992188,73.15133666992188
S002,S013,4556.4253269828,321.70806884765625,371.70806884765625,152.20806884765625,20.00806884765626,4556.4253269828,327.2103271484375,377.2103271484375,157.7103271484375,25.51032714843751,5.50225830078125,5.50225830078125
S002,S014,7680.86897763051,360.494384765625,410.494384765625,190.994384765625,59.494384765625,7680.86897763051,457.5832214355469,507.5832214355469,288.0832214355469,156.58322143554688,97.08883666992188,97.08883666992188
S002,S015,7156.956228405488,436.229248046875,486.229248046875,266.729248046875,11.729248046875,7156.956228405488,593.7526245117188,643.7526245117188,424.2526245117188,169.25262451171875,157.52337646484375,157.52337646484375
S003,O01,7261.065540953848,539.3092651367188,589.3092651367188,250.80926513671875,461.6092651367188,7261.065540953848,511.80413818359375,561.8041381835938,223.30413818359372,434.10413818359376,-27.505126953125,-27.505126953125
S003,S001,7646.659009326058,308.5106811523437,358.5106811523437,20.01068115234375,174.51068115234375,7646.659009326058,505.94439697265625,555.9443969726562,217.44439697265625,371.94439697265625,197.43371582031256,197.43371582031256
S003,S002,9766.52585318764,672.2648315429688,722.2648315429688,383.7648315429688,502.7648315429688,9766.52585318764,571.1314086914062,621.1314086914062,282.63140869140625,401.6314086914063,-101.1334228515625,-101.1334228515625
S003,S004,8230.547637960408,701.016845703125,751.016845703125,412.516845703125,522.716845703125,8230.547637960408,674.2682495117188,724.2682495117188,385.7682495117188,495.96824951171874,-26.74859619140625,-26.74859619140625
S003,S005,6332.68305025165,547.7522583007812,597.7522583007812,259.25225830078125,402.7522583007813,6332.68305025165,533.8880615234375,583.8880615234375,245.3880615234375,388.8880615234375,-13.86419677734375,-13.86419677734375
S003,S006,4808.568012109442,508.9108581542969,558.9108581542969,220.41085815429688,244.1108581542969,4808.568012109442,612.3626708984375,662.3626708984375,323.8626708984375,347.5626708984375,103.45181274414062,103.45181274414062
S003,S007,2732.819379995153,340.25994873046875,390.2599487304688,51.75994873046875,41.75994873046875,2732.819379995153,360.6993408203125,410.6993408203125,72.1993408203125,62.1993408203125,20.43939208984375,20.439392089843693
S003,S008,6261.086594538331,728.3842163085938,778.3842163085938,439.88421630859375,507.4842163085938,6261.086594538331,746.0787353515625,796.0787353515625,457.5787353515625,525.1787353515625,17.69451904296875,17.69451904296875
S003,S009,8884.798812209401,533.1013793945312,583.1013793945312,244.60137939453125,353.10137939453125,8884.798812209401,544.588134765625,594.588134765625,256.088134765625,364.588134765625,11.48675537109375,11.48675537109375
S003,S010,11208.756415778262,447.7925720214844,497.7925720214844,159.29257202148438,146.19257202148435,11208.756415778262,466.9641723632813,516.9641723632812,178.46417236328125,165.36417236328123,19.171600341796932,19.171600341796875
S003,S011,5348.792842148937,308.5106811523437,358.5106811523437,20.01068115234375,146.41068115234376,5348.792842148937,485.42230224609375,535.4223022460938,196.92230224609372,323.3223022460937,176.91162109375006,176.91162109375006
S003,S012,11798.876846452911,521.2055053710938,571.2055053710938,232.70550537109372,291.40550537109374,11798.876846452911,544.5889282226562,594.5889282226562,256.08892822265625,314.78892822265624,23.3834228515625,23.3834228515625
S003,S013,10540.90703152578,352.1977844238281,402.1977844238281,63.697784423828125,50.497784423828136,10540.90703152578,505.94439697265625,555.9443969726562,217.44439697265625,204.24439697265623,153.74661254882812,153.74661254882812
S003,S014,12372.475028998617,515.6901245117188,565.6901245117188,227.19012451171875,214.69012451171875,12372.475028998617,542.7295532226562,592.7295532226562,254.22955322265625,241.72955322265625,27.0394287109375,27.0394287109375
S003,S015,2614.3562499141703,471.0312194824219,521.0312194824219,182.53121948242188,46.53121948242188,2614.3562499141703,437.89886474609375,487.89886474609375,149.39886474609375,13.39886474609375,-33.132354736328125,-33.132354736328125
S004,O01,7745.651742751971,322.0750427246094,372.0750427246094,143.77504272460936,244.3750427246094,7745.651742751971,348.2391662597656,398.2391662597656,169.9391662597656,270.53916625976564,26.16412353515625,26.16412353515625
S004,S001,4947.397665203851,263.0527038574219,313.0527038574219,84.75270385742186,129.05270385742188,4947.397665203851,358.7777404785156,408.7777404785156,180.4777404785156,224.7777404785156,95.72503662109375,95.72503662109375
S004,S002,2246.1060981727182,292.4277038574219,342.4277038574219,114.12770385742186,122.92770385742188,2246.1060981727182,283.658203125,333.658203125,105.358203125,114.158203125,-8.769500732421875,-8.769500732421875
S004,S003,8230.547637960408,338.620361328125,388.620361328125,160.320361328125,50.120361328125,8230.547637960408,674.2682495117188,724.2682495117188,495.96824951171874,385.7682495117188,335.64788818359375,335.64788818359375
S004,S005,2616.5100450468835,330.35888671875,380.35888671875,152.05888671875,185.35888671875,2616.5100450468835,315.8065795898437,365.80657958984375,137.50657958984374,170.80657958984375,-14.552307128906307,-14.55230712890625
S004,S006,8731.247626205603,670.895751953125,720.895751953125,492.595751953125,406.095751953125,8731.247626205603,375.2806396484375,425.2806396484375,196.9806396484375,110.48063964843747,-295.6151123046875,-295.6151123046875
S004,S007,7107.951861397632,568.4234008789062,618.4234008789062,390.12340087890624,269.92340087890625,7107.951861397632,543.2369995117188,593.2369995117188,364.93699951171874,244.73699951171875,-25.1864013671875,-25.1864013671875
S004,S008,2607.406751047093,248.2891845703125,298.2891845703125,69.98918457031249,27.389184570312523,2607.406751047093,336.83349609375,386.83349609375,158.53349609375,115.93349609375002,88.5443115234375,88.5443115234375
S004,S009,2992.117958428195,283.9389038085937,333.9389038085937,105.63890380859374,103.93890380859376,2992.117958428195,275.2157897949219,325.2157897949219,96.91578979492186,95.21578979492188,-8.723114013671818,-8.723114013671818
S004,S010,7564.544903096997,321.5816650390625,371.5816650390625,143.2816650390625,19.98166503906248,7564.544903096997,432.957275390625,482.957275390625,254.657275390625,131.35727539062498,111.3756103515625,111.3756103515625
S004,S011,5422.186185981828,335.5636291503906,385.5636291503906,157.2636291503906,173.46362915039063,5422.186185981828,311.138916015625,361.138916015625,132.838916015625,149.038916015625,-24.424713134765625,-24.424713134765625
S004,S012,5283.739027383003,300.28125,350.28125,121.98125,70.48124999999999,5283.739027383003,312.0069580078125,362.0069580078125,133.7069580078125,82.20695800781249,11.7257080078125,11.7257080078125
S004,S013,6210.781847328471,331.4889831542969,381.4889831542969,153.18898315429686,29.788983154296886,6210.781847328471,322.2989807128906,372.2989807128906,143.9989807128906,20.59898071289064,-9.19000244140625,-9.19000244140625
S004,S014,9318.312212892464,320.9825134277344,370.9825134277344,142.68251342773436,19.98251342773437,9318.312212892464,505.3861083984375,555.3861083984375,327.0861083984375,204.3861083984375,184.40359497070312,184.40359497070312
S004,S015,5649.046264106804,436.229248046875,486.229248046875,257.929248046875,11.729248046875,5649.046264106804,641.2510375976562,691.2510375976562,462.9510375976562,216.75103759765625,205.02178955078125,205.02178955078125
S005,O01,5302.0128076982855,210.3788146972656,260.3788146972656,65.37881469726562,132.67881469726564,5302.0128076982855,276.410888671875,326.410888671875,131.410888671875,198.710888671875,66.0320739746094,66.03207397460938
S005,S001,2935.3982704178266,316.6746826171875,366.6746826171875,171.6746826171875,182.6746826171875,2935.3982704178266,266.13800048828125,316.13800048828125,121.13800048828124,132.13800048828125,-50.53668212890625,-50.53668212890625
S005,S002,3474.1318201907675,313.630615234375,363.630615234375,168.630615234375,144.130615234375,3474.1318201907675,356.79864501953125,406.7986450195313,211.79864501953125,187.29864501953125,43.16802978515625,43.16802978515631
S005,S003,6332.68305025165,308.5106811523437,358.5106811523437,163.51068115234375,20.01068115234375,6332.68305025165,533.8880615234375,583.8880615234375,388.8880615234375,245.3880615234375,225.3773803710938,225.3773803710938
S005,S004,2616.5100450468835,354.7595520019531,404.7595520019531,209.75955200195312,176.4595520019531,2616.5100450468835,315.8065795898437,365.80657958984375,170.80657958984375,137.50657958984374,-38.95297241210943,-38.952972412109375
S005,S006,6124.005239420578,535.872314453125,585.872314453125,390.872314453125,271.072314453125,6124.005239420578,366.7322998046875,416.7322998046875,221.7322998046875,101.93229980468747,-169.1400146484375,-169.1400146484375
S005,S007,4690.978012733275,386.3735656738281,436.3735656738281,241.37356567382807,87.87356567382812,4690.978012733275,467.1478271484375,517.1478271484375,322.1478271484375,168.6478271484375,80.77426147460938,80.77426147460938
S005,S008,3047.7742448848744,248.2891845703125,298.2891845703125,103.2891845703125,27.389184570312523,3047.7742448848744,316.78717041015625,366.78717041015625,171.78717041015625,95.88717041015629,68.49798583984375,68.49798583984375
S005,S009,2645.6165640723684,189.4370880126953,239.4370880126953,44.43708801269531,9.437088012695312,2645.6165640723684,313.5632019042969,363.5632019042969,168.56320190429688,133.56320190429688,124.12611389160156,124.12611389160156
S005,S010,6365.828619761172,321.5816650390625,371.5816650390625,176.5816650390625,19.98166503906248,6365.828619761172,416.15325927734375,466.15325927734375,271.1532592773437,114.55325927734371,94.57159423828125,94.57159423828125
S005,S011,2812.7579349761068,274.3507080078125,324.3507080078125,129.3507080078125,112.2507080078125,2812.7579349761068,297.5489196777344,347.5489196777344,152.54891967773438,135.44891967773438,23.198211669921875,23.198211669921875
S005,S012,5613.472595564874,253.3150787353516,303.3150787353516,108.31507873535156,23.51507873535155,5613.472595564874,313.5632019042969,363.5632019042969,168.56320190429688,83.76320190429686,60.248123168945284,60.248123168945256
S005,S013,5214.407218590375,321.70806884765625,371.70806884765625,176.70806884765625,20.00806884765626,5214.407218590375,324.4444580078125,374.4444580078125,179.4444580078125,22.74445800781251,2.73638916015625,2.73638916015625
S005,S014,8005.222170551042,499.14068603515625,549.1406860351562,354.14068603515625,198.14068603515625,8005.222170551042,552.8875122070312,602.8875122070312,407.8875122070313,251.88751220703125,53.746826171875,53.746826171875
S005,S015,3749.627303053092,436.229248046875,486.229248046875,291.229248046875,11.729248046875,3749.627303053092,568.6133422851562,618.6133422851562,423.61334228515625,144.11334228515625,132.38409423828125,132.38409423828125
S006,O01,3181.0289144316203,275.1272277832031,325.1272277832031,10.327227783203114,197.42722778320316,3181.0289144316203,316.09783935546875,366.0978393554688,51.29783935546874,238.3978393554688,40.970611572265625,40.97061157226568
S006,S001,5296.389689052462,361.0657653808594,411.0657653808594,96.26576538085936,227.06576538085935,5296.389689052462,343.9356384277344,393.9356384277344,79.13563842773436,209.9356384277344,-17.130126953125,-17.130126953125
S006,S002,9199.75149792535,343.9862670898437,393.98626708984375,79.18626708984374,174.48626708984375,9199.75149792535,344.2987060546875,394.2987060546875,79.49870605468749,174.7987060546875,0.31243896484380684,0.31243896484375
S006,S003,4808.568012109442,632.5165405273438,682.5165405273438,367.7165405273437,344.0165405273437,4808.568012109442,612.3626708984375,662.3626708984375,347.5626708984375,323.8626708984375,-20.15386962890625,-20.15386962890625
S006,S004,8731.247626205603,343.9356384277344,393.9356384277344,79.13563842773436,165.63563842773436,8731.247626205603,375.2806396484375,425.2806396484375,110.48063964843747,196.9806396484375,31.345001220703125,31.345001220703125
S006,S005,6124.005239420578,343.9356384277344,393.9356384277344,79.13563842773436,198.9356384277344,6124.005239420578,366.7322998046875,416.7322998046875,101.93229980468747,221.7322998046875,22.796661376953125,22.796661376953125
S006,S007,2516.489885999068,506.5129089355469,556.5129089355469,241.7129089355469,208.01290893554688,2516.489885999068,540.361328125,590.361328125,275.561328125,241.861328125,33.848419189453125,33.848419189453125
S006,S008,8092.942164777616,319.04754638671875,369.0475463867188,54.24754638671874,98.14754638671876,8092.942164777616,517.8421020507812,567.8421020507812,253.04210205078124,296.9421020507813,198.7945556640625,198.79455566406244
S006,S009,7677.209169122411,350.46759033203125,400.4675903320313,85.66759033203124,170.46759033203125,7677.209169122411,341.0712890625,391.0712890625,76.27128906249999,161.0712890625,-9.39630126953125,-9.396301269531307
S006,S010,7909.585429221888,510.1105651855469,560.1105651855469,245.3105651855469,208.51056518554685,7909.585429221888,383.2227783203125,433.2227783203125,118.42277832031247,81.62277832031248,-126.88778686523438,-126.88778686523438
S006,S011,3416.1902281569105,341.0712890625,391.0712890625,76.27128906249999,178.9712890625,3416.1902281569105,350.46759033203125,400.4675903320313,85.66759033203124,188.36759033203128,9.39630126953125,9.396301269531307
S006,S012,9988.826408304783,375.2806396484375,425.2806396484375,110.48063964843747,145.4806396484375,9988.826408304783,385.3490295410156,435.3490295410156,120.5490295410156,155.5490295410156,10.068389892578125,10.068389892578125
S006,S013,7774.922470685925,480.896728515625,530.896728515625,216.096728515625,179.196728515625,7774.922470685925,344.1709289550781,394.1709289550781,79.37092895507811,42.470928955078136,-136.72579956054688,-136.72579956054688
S006,S014,8582.826645617135,320.9825134277344,370.9825134277344,56.18251342773437,19.98251342773437,8582.826645617135,556.662109375,606.662109375,291.862109375,255.662109375,235.67959594726562,235.67959594726562
S006,S015,4702.818713985765,465.7823791503906,515.7823791503906,200.9823791503906,41.28237915039063,4702.818713985765,601.2601318359375,651.2601318359375,336.4601318359375,176.7601318359375,135.47775268554688,135.47775268554688
S007,O01,4533.821635606341,597.7623291015625,647.7623291015625,299.2623291015625,520.0623291015625,4533.821635606341,461.9731750488281,511.9731750488281,163.47317504882812,384.27317504882814,-135.78915405273438,-135.78915405273438
S007,S001,5179.657800128225,367.77001953125,417.77001953125,69.27001953125,233.77001953125,5179.657800128225,389.1753540039063,439.1753540039063,90.67535400390624,255.17535400390625,21.405334472656307,21.405334472656307
S007,S002,8119.467045487778,580.47021484375,630.47021484375,281.97021484375,410.97021484375,8119.467045487778,424.7281799316406,474.7281799316406,126.22817993164062,255.22817993164065,-155.74203491210938,-155.74203491210938
S007,S003,2732.819379995153,503.26019287109375,553.2601928710938,204.76019287109372,214.76019287109372,2732.819379995153,360.6993408203125,410.6993408203125,62.1993408203125,72.1993408203125,-142.56085205078125,-142.56085205078125
S007,S004,7107.951861397632,501.8207092285156,551.8207092285156,203.3207092285156,323.5207092285156,7107.951861397632,543.2369995117188,593.2369995117188,244.73699951171875,364.93699951171874,41.416290283203125,41.416290283203125
S007,S005,4690.978012733275,540.2982788085938,590.2982788085938,241.79827880859372,395.29827880859375,4690.978012733275,467.1478271484375,517.1478271484375,168.6478271484375,322.1478271484375,-73.15045166015625,-73.15045166015625
S007,S006,2516.489885999068,391.1376953125,441.1376953125,92.6376953125,126.3376953125,2516.489885999068,540.361328125,590.361328125,241.861328125,275.561328125,149.2236328125,149.2236328125
S007,S008,5931.502490714411,420.0450439453125,470.0450439453125,121.5450439453125,199.14504394531247,5931.502490714411,606.739501953125,656.739501953125,308.239501953125,385.839501953125,186.6944580078125,186.6944580078125
S007,S009,6903.234859610077,587.1497192382812,637.1497192382812,288.64971923828125,407.1497192382813,6903.234859610077,418.3708190917969,468.3708190917969,119.87081909179688,238.37081909179688,-168.77890014648438,-168.77890014648438
S007,S010,8586.756825273913,496.6688537597656,546.6688537597656,198.1688537597656,195.0688537597656,8586.756825273913,386.94964599609375,436.94964599609375,88.44964599609375,85.34964599609373,-109.71920776367188,-109.71920776367188
S007,S011,2829.56174155148,367.77001953125,417.77001953125,69.27001953125,205.67001953125,2829.56174155148,389.1753540039063,439.1753540039063,90.67535400390624,227.07535400390623,21.405334472656307,21.405334472656307
S007,S012,9652.02215730728,568.2607421875,618.2607421875,269.7607421875,338.4607421875,9652.02215730728,407.6636352539063,457.6636352539063,109.16363525390624,177.86363525390624,-160.5971069335937,-160.5971069335937
S007,S013,8041.876633215178,358.60723876953125,408.6072387695313,60.10723876953125,56.90723876953126,8041.876633215178,382.5381164550781,432.5381164550781,84.03811645507812,80.83811645507814,23.930877685546875,23.930877685546818
S007,S014,9672.514871591644,509.8681945800781,559.8681945800781,211.36819458007807,208.86819458007807,9672.514871591644,530.8557739257812,580.8557739257812,232.35577392578125,229.85577392578125,20.987579345703125,20.987579345703125
S007,S015,2228.379705571588,436.229248046875,486.229248046875,137.729248046875,11.729248046875,2228.379705571588,452.918212890625,502.918212890625,154.418212890625,28.418212890625,16.68896484375,16.68896484375
S008,O01,8109.461983662226,323.0506286621094,373.0506286621094,102.1506286621094,245.3506286621094,8109.461983662226,322.9093322753906,372.9093322753906,102.00933227539063,245.20933227539064,-0.14129638671875,-0.14129638671875
S008,S001,5983.170216573233,349.1777038574219,399.1777038574219,128.2777038574219,215.17770385742188,5983.170216573233,316.78717041015625,366.78717041015625,95.88717041015629,182.78717041015625,-32.390533447265625,-32.390533447265625
S008,S002,4795.75091995656,314.31085205078125,364.3108520507813,93.41085205078129,144.81085205078125,4795.75091995656,331.8424987792969,381.8424987792969,110.9424987792969,162.34249877929688,17.531646728515625,17.531646728515568
S008,S003,6261.086594538331,717.08740234375,767.08740234375,496.18740234375,428.58740234375,6261.086594538331,746.0787353515625,796.0787353515625,525.1787353515625,457.5787353515625,28.9913330078125,28.9913330078125
S008,S004,2607.406751047093,257.7665405273437,307.7665405273437,36.86654052734377,79.46654052734374,2607.406751047093,336.83349609375,386.83349609375,115.93349609375002,158.53349609375,79.0669555664063,79.0669555664063
S008,S005,3047.7742448848744,313.5459289550781,363.5459289550781,92.64592895507816,168.54592895507812,3047.7742448848744,316.78717041015625,366.78717041015625,95.88717041015629,171.78717041015625,3.241241455078125,3.241241455078125
S008,S006,8092.942164777616,342.888427734375,392.888427734375,121.98842773437502,78.08842773437499,8092.942164777616,517.8421020507812,567.8421020507812,296.9421020507813,253.04210205078124,174.95367431640625,174.95367431640625
S008,S007,5931.502490714411,480.8521423339844,530.8521423339844,259.9521423339844,182.3521423339844,5931.502490714411,606.739501953125,656.739501953125,385.839501953125,308.239501953125,125.88735961914062,125.88735961914062
S008,S009,5018.255609500637,318.2400207519531,368.2400207519531,97.34002075195316,138.24002075195312,5018.255609500637,338.620361328125,388.620361328125,117.72036132812502,158.620361328125,20.380340576171875,20.380340576171875
S008,S010,9305.0068579956,377.755859375,427.755859375,156.85585937500002,76.15585937499998,9305.0068579956,419.0903015136719,469.0903015136719,198.1903015136719,117.49030151367184,41.334442138671875,41.334442138671875
S008,S011,5348.220405213765,274.99462890625,324.99462890625,54.09462890625002,112.89462890625,5348.220405213765,362.91650390625,412.91650390625,142.01650390625002,200.81650390625,87.921875,87.921875
S008,S012,7720.902518300755,331.659912109375,381.659912109375,110.75991210937502,101.859912109375,7720.902518300755,309.1531982421875,359.1531982421875,88.25319824218752,79.35319824218749,-22.5067138671875,-22.5067138671875
S008,S013,8061.2465970954945,321.70806884765625,371.70806884765625,100.80806884765629,20.00806884765626,8061.2465970954945,336.37310791015625,386.37310791015625,115.47310791015629,34.67310791015626,14.6650390625,14.6650390625
S008,S014,10991.62867899915,427.1307678222656,477.1307678222656,206.23076782226565,126.13076782226562,10991.62867899915,542.4922485351562,592.4922485351562,321.5922485351563,241.49224853515625,115.36148071289062,115.36148071289062
S008,S015,3938.556255192018,722.8712768554688,772.8712768554688,501.9712768554688,298.37127685546875,3938.556255192018,660.450927734375,710.450927734375,439.550927734375,235.950927734375,-62.42034912109375,-62.42034912109375
S009,O01,5722.672488722757,296.1680908203125,346.1680908203125,116.1680908203125,218.4680908203125,5722.672488722757,243.2289123535156,293.2289123535156,63.228912353515625,165.52891235351564,-52.9391784667969,-52.939178466796875
S009,S001,2659.297911633031,245.7126922607422,295.7126922607422,65.71269226074219,111.7126922607422,2659.297911633031,243.2289123535156,293.2289123535156,63.228912353515625,109.22891235351562,-2.483779907226591,-2.4837799072265625
S009,S002,1730.8827143173448,242.0653839111328,292.0653839111328,62.06538391113281,72.56538391113281,1730.8827143173448,278.2866516113281,328.2866516113281,98.28665161132812,108.78665161132812,36.22126770019531,36.22126770019531
S009,S003,8884.798812209401,308.5106811523437,358.5106811523437,128.51068115234375,20.01068115234375,8884.798812209401,544.588134765625,594.588134765625,364.588134765625,256.088134765625,236.0774536132813,236.0774536132813
S009,S004,2992.117958428195,287.1365051269531,337.1365051269531,107.13650512695312,108.83650512695311,2992.117958428195,275.2157897949219,325.2157897949219,95.21578979492188,96.91578979492186,-11.92071533203125,-11.92071533203125
S009,S005,2645.6165640723684,209.59786987304688,259.5978698730469,29.597869873046875,64.59786987304688,2645.6165640723684,313.5632019042969,363.5632019042969,133.56320190429688,168.56320190429688,103.96533203125,103.96533203125
S009,S006,7677.209169122411,275.1272277832031,325.1272277832031,95.12722778320312,10.327227783203114,7677.209169122411,341.0712890625,391.0712890625,161.0712890625,76.27128906249999,65.94406127929688,65.94406127929688
S009,S007,6903.234859610077,314.2220458984375,364.2220458984375,134.2220458984375,15.7220458984375,6903.234859610077,418.3708190917969,468.3708190917969,238.37081909179688,119.87081909179688,104.14877319335938,104.14877319335938
S009,S008,5018.255609500637,248.2891845703125,298.2891845703125,68.2891845703125,27.389184570312523,5018.255609500637,338.620361328125,388.620361328125,158.620361328125,117.72036132812502,90.3311767578125,90.3311767578125
S009,S010,4576.424241271918,404.5270385742188,454.5270385742188,224.52703857421875,102.92703857421871,4576.424241271918,432.957275390625,482.957275390625,252.957275390625,131.35727539062498,28.430236816406193,28.430236816406193
S009,S011,4326.917456853088,220.93392944335935,270.9339294433594,40.933929443359375,58.83392944335938,4326.917456853088,265.66766357421875,315.66766357421875,85.66766357421875,103.56766357421876,44.7337341308594,44.733734130859375
S009,S012,2967.867219508797,253.3150787353516,303.3150787353516,73.31507873535156,23.51507873535155,2967.867219508797,310.91961669921875,360.9196166992188,130.91961669921875,81.11961669921874,57.60453796386716,57.60453796386719
S009,S013,3218.668940693961,367.3228454589844,417.3228454589844,187.3228454589844,65.62284545898439,3218.668940693961,322.2989807128906,372.2989807128906,142.29898071289062,20.59898071289064,-45.02386474609375,-45.02386474609375
S009,S014,6332.937688393668,394.39739990234375,444.39739990234375,214.39739990234372,93.39739990234376,6332.937688393668,502.7727966308594,552.7727966308594,322.7727966308594,201.77279663085935,108.37539672851562,108.37539672851562
S009,S015,6352.730835619762,436.229248046875,486.229248046875,256.229248046875,11.729248046875,6352.730835619762,532.3267822265625,582.3267822265625,352.3267822265625,107.8267822265625,96.0975341796875,96.0975341796875
S010,O01,4778.43330136777,408.7491455078125,458.7491455078125,107.14914550781248,331.0491455078125,4778.43330136777,385.6365356445313,435.6365356445313,84.03653564453123,307.93653564453126,-23.112609863281193,-23.112609863281193
S010,S001,3707.6479701128087,454.07037353515625,504.07037353515625,152.47037353515623,320.07037353515625,3707.6479701128087,381.0796813964844,431.0796813964844,79.47968139648435,247.0796813964844,-72.99069213867188,-72.99069213867188
S010,S002,5938.017877533433,381.0796813964844,431.0796813964844,79.47968139648435,211.5796813964844,5938.017877533433,441.85394287109375,491.85394287109375,140.25394287109373,272.3539428710937,60.774261474609375,60.774261474609375
S010,S003,11208.756415778262,413.4571533203125,463.4571533203125,111.85715332031248,124.9571533203125,11208.756415778262,466.9641723632813,516.9641723632812,165.36417236328123,178.46417236328125,53.50701904296881,53.50701904296875
S010,S004,7564.544903096997,394.8845520019531,444.8845520019531,93.2845520019531,216.5845520019531,7564.544903096997,432.957275390625,482.957275390625,131.35727539062498,254.657275390625,38.072723388671875,38.072723388671875
S010,S005,6365.828619761172,423.80474853515625,473.80474853515625,122.20474853515624,278.80474853515625,6365.828619761172,416.15325927734375,466.15325927734375,114.55325927734371,271.1532592773437,-7.6514892578125,-7.6514892578125
S010,S006,7909.585429221888,440.0442199707031,490.0442199707031,138.4442199707031,175.2442199707031,7909.585429221888,383.2227783203125,433.2227783203125,81.62277832031248,118.42277832031247,-56.821441650390625,-56.821441650390625
S010,S007,8586.756825273913,411.88427734375,461.88427734375,110.28427734374998,113.38427734375,8586.756825273913,386.94964599609375,436.94964599609375,85.34964599609373,88.44964599609375,-24.93463134765625,-24.93463134765625
S010,S008,9305.0068579956,413.8662414550781,463.8662414550781,112.2662414550781,192.96624145507812,9305.0068579956,419.0903015136719,469.0903015136719,117.49030151367184,198.1903015136719,5.22406005859375,5.22406005859375
S010,S009,4576.424241271918,394.8845520019531,444.8845520019531,93.2845520019531,214.88455200195312,4576.424241271918,432.957275390625,482.957275390625,131.35727539062498,252.957275390625,38.072723388671875,38.072723388671875
S010,S011,5865.848212731673,421.2064208984375,471.2064208984375,119.60642089843748,259.1064208984375,5865.848212731673,387.0433349609375,437.0433349609375,85.44333496093748,224.9433349609375,-34.1630859375,-34.1630859375
S010,S012,3966.307663793741,436.8346862792969,486.8346862792969,135.23468627929685,207.0346862792969,3966.307663793741,423.1903076171875,473.1903076171875,121.59030761718748,193.3903076171875,-13.644378662109375,-13.644378662109375
S010,S013,1383.351802046178,381.0796813964844,431.0796813964844,79.47968139648435,79.37968139648439,1383.351802046178,454.07037353515625,504.07037353515625,152.47037353515623,152.37037353515626,72.99069213867188,72.99069213867188
S010,S014,1758.3683592479576,427.9442443847656,477.9442443847656,126.3442443847656,126.94424438476562,1758.3683592479576,487.5635681152344,537.5635681152344,185.96356811523435,186.5635681152344,59.61932373046875,59.61932373046875
S010,S015,9187.940692404369,441.85394287109375,491.85394287109375,140.25394287109373,17.35394287109375,9187.940692404369,568.3262329101562,618.3262329101562,266.7262329101562,143.82623291015625,126.4722900390625,126.4722900390625
S011,O01,2817.14783394126,207.65652465820312,257.6565246582031,45.55652465820313,129.95652465820314,2817.14783394126,245.36175537109372,295.3617553710937,83.26175537109376,167.66175537109376,37.7052307128906,37.70523071289057
S011,S001,2350.3360860171365,218.1654510498047,268.1654510498047,56.06545104980469,84.16545104980469,2350.3360860171365,226.38790893554688,276.3879089355469,64.28790893554688,92.38790893554688,8.222457885742188,8.222457885742188
S011,S002,5790.086452584073,311.78533935546875,361.7853393554688,149.68533935546876,142.28533935546875,5790.086452584073,311.78533935546875,361.7853393554688,149.68533935546876,142.28533935546875,0.0,0.0
S011,S003,5348.792842148937,308.5106811523437,358.5106811523437,146.41068115234376,20.01068115234375,5348.792842148937,485.42230224609375,535.4223022460938,323.3223022460937,196.92230224609372,176.91162109375006,176.91162109375006
S011,S004,5422.186185981828,233.7969207763672,283.7969207763672,71.6969207763672,55.496920776367176,5422.186185981828,311.138916015625,361.138916015625,149.038916015625,132.838916015625,77.34199523925781,77.34199523925781
S011,S005,2812.7579349761068,229.92442321777344,279.92442321777344,67.82442321777344,84.92442321777344,2812.7579349761068,297.5489196777344,347.5489196777344,135.44891967773438,152.54891967773438,67.62449645996094,67.62449645996094
S011,S006,3416.1902281569105,505.8800964355469,555.8800964355469,343.78009643554685,241.0800964355469,3416.1902281569105,350.46759033203125,400.4675903320313,188.36759033203128,85.66759033203124,-155.41250610351562,-155.41250610351557
S011,S007,2829.56174155148,314.2220458984375,364.2220458984375,152.1220458984375,15.7220458984375,2829.56174155148,389.1753540039063,439.1753540039063,227.07535400390623,90.67535400390624,74.9533081054688,74.9533081054688
S011,S008,5348.220405213765,282.1889038085937,332.1889038085937,120.08890380859376,61.28890380859377,5348.220405213765,362.91650390625,412.91650390625,200.81650390625,142.01650390625002,80.7276000976563,80.7276000976563
S011,S009,4326.917456853088,274.65771484375,324.65771484375,112.55771484375,94.65771484375,4326.917456853088,265.66766357421875,315.66766357421875,103.56766357421876,85.66766357421875,-8.99005126953125,-8.99005126953125
S011,S010,5865.848212731673,321.5816650390625,371.5816650390625,159.4816650390625,19.98166503906248,5865.848212731673,387.0433349609375,437.0433349609375,224.9433349609375,85.44333496093748,65.461669921875,65.461669921875
S011,S012,6897.396444963411,297.5489196777344,347.5489196777344,135.44891967773438,67.74891967773436,6897.396444963411,370.4505615234375,420.4505615234375,208.3505615234375,140.6505615234375,72.90164184570312,72.90164184570312
S011,S013,5224.677192376564,321.70806884765625,371.70806884765625,159.60806884765626,20.00806884765626,5224.677192376564,328.3608093261719,378.3608093261719,166.26080932617188,26.660809326171886,6.652740478515625,6.652740478515625
S011,S014,7123.113479340445,320.9825134277344,370.9825134277344,158.88251342773438,19.98251342773437,7123.113479340445,568.5668334960938,618.5668334960938,406.4668334960937,267.5668334960937,247.58432006835938,247.58432006835938
S011,S015,3461.7683247234245,436.229248046875,486.229248046875,274.129248046875,11.729248046875,3461.7683247234245,538.7306518554688,588.7306518554688,376.6306518554687,114.23065185546876,102.50140380859375,102.50140380859375
S012,O01,7398.43934212781,390.98822021484375,440.98822021484375,161.18822021484374,313.28822021484376,7398.43934212781,363.3009948730469,413.3009948730469,133.50099487304686,285.6009948730469,-27.687225341796875,-27.687225341796875
S012,S001,4696.513291627057,385.2455749511719,435.2455749511719,155.44557495117186,251.24557495117188,4696.513291627057,385.599609375,435.599609375,155.799609375,251.599609375,0.354034423828125,0.354034423828125
S012,S002,3071.997266634248,359.47528076171875,409.4752807617188,129.67528076171874,189.97528076171875,3071.997266634248,358.1782531738281,408.1782531738281,128.3782531738281,188.67825317382807,-1.297027587890625,-1.2970275878906818
S012,S003,11798.876846452911,362.7586975097656,412.7586975097656,132.9586975097656,74.25869750976562,11798.876846452911,544.5889282226562,594.5889282226562,314.78892822265624,256.08892822265625,181.83023071289062,181.83023071289062
S012,S004,5283.739027383003,377.4200439453125,427.4200439453125,147.6200439453125,199.1200439453125,5283.739027383003,312.0069580078125,362.0069580078125,82.20695800781249,133.7069580078125,-65.4130859375,-65.4130859375
S012,S005,5613.472595564874,277.55780029296875,327.55780029296875,47.75780029296874,132.55780029296875,5613.472595564874,313.5632019042969,363.5632019042969,83.76320190429686,168.56320190429688,36.005401611328125,36.005401611328125
S012,S006,9988.826408304783,382.77191162109375,432.77191162109375,152.97191162109374,117.97191162109374,9988.826408304783,385.3490295410156,435.3490295410156,155.5490295410156,120.5490295410156,2.577117919921875,2.577117919921875
S012,S007,9652.02215730728,394.47064208984375,444.47064208984375,164.67064208984374,95.97064208984376,9652.02215730728,407.6636352539063,457.6636352539063,177.86363525390624,109.16363525390624,13.192993164062557,13.192993164062557
S012,S008,7720.902518300755,416.9645385742188,466.9645385742188,187.16453857421877,196.0645385742188,7720.902518300755,309.1531982421875,359.1531982421875,79.35319824218749,88.25319824218752,-107.8113403320313,-107.8113403320313
S012,S009,2967.867219508797,258.44781494140625,308.44781494140625,28.64781494140624,78.44781494140625,2967.867219508797,310.91961669921875,360.9196166992188,81.11961669921874,130.91961669921875,52.4718017578125,52.47180175781256
S012,S010,3966.307663793741,321.5816650390625,371.5816650390625,91.78166503906247,19.98166503906248,3966.307663793741,423.1903076171875,473.1903076171875,193.3903076171875,121.59030761718748,101.608642578125,101.608642578125
S012,S011,6897.396444963411,393.1043395996094,443.1043395996094,163.30433959960936,231.00433959960935,6897.396444963411,370.4505615234375,420.4505615234375,140.6505615234375,208.3505615234375,-22.653778076171875,-22.653778076171875
S012,S013,2863.9419168551267,372.0584411621094,422.0584411621094,142.25844116210936,70.35844116210939,2863.9419168551267,386.5263671875,436.5263671875,156.7263671875,84.82636718750001,14.467926025390625,14.467926025390625
S012,S014,5477.031359647905,320.9825134277344,370.9825134277344,91.18251342773436,19.98251342773437,5477.031359647905,481.1858215332031,531.1858215332031,251.3858215332031,180.18582153320312,160.20330810546875,160.20330810546875
S012,S015,9302.59595392879,436.229248046875,486.229248046875,206.429248046875,11.729248046875,9302.59595392879,534.7462158203125,584.7462158203125,304.9462158203125,110.2462158203125,98.5169677734375,98.5169677734375
S013,O01,4848.700302599784,372.7035217285156,422.7035217285156,71.00352172851564,295.00352172851564,4848.700302599784,349.18182373046875,399.1818237304688,47.48182373046876,271.4818237304688,-23.521697998046875,-23.521697998046818
S013,S001,2894.2496690637063,321.70806884765625,371.70806884765625,20.00806884765626,187.70806884765625,2894.2496690637063,328.3608093261719,378.3608093261719,26.660809326171886,194.36080932617188,6.652740478515625,6.652740478515625
S013,S002,4556.4253269828,324.4444580078125,374.4444580078125,22.74445800781251,154.9444580078125,4556.4253269828,327.2103271484375,377.2103271484375,25.51032714843751,157.7103271484375,2.765869140625,2.765869140625
S013,S003,10540.90703152578,344.0522766113281,394.0522766113281,42.352276611328136,55.552276611328125,10540.90703152578,505.94439697265625,555.9443969726562,204.24439697265623,217.44439697265625,161.89212036132812,161.89212036132812
S013,S004,6210.781847328471,321.70806884765625,371.70806884765625,20.00806884765626,143.40806884765624,6210.781847328471,322.2989807128906,372.2989807128906,20.59898071289064,143.9989807128906,0.590911865234375,0.590911865234375
S013,S005,5214.407218590375,322.9701538085937,372.97015380859375,21.27015380859376,177.97015380859375,5214.407218590375,324.4444580078125,374.4444580078125,22.74445800781251,179.4444580078125,1.4743041992188068,1.47430419921875
S013,S006,7774.922470685925,392.7649841308594,442.7649841308594,91.0649841308594,127.96498413085936,7774.922470685925,344.1709289550781,394.1709289550781,42.470928955078136,79.37092895507811,-48.59405517578125,-48.59405517578125
S013,S007,8041.876633215178,327.6782531738281,377.6782531738281,25.978253173828136,29.178253173828125,8041.876633215178,382.5381164550781,432.5381164550781,80.83811645507814,84.03811645507812,54.85986328125,54.85986328125
S013,S008,8061.2465970954945,321.70806884765625,371.70806884765625,20.00806884765626,100.80806884765629,8061.2465970954945,336.37310791015625,386.37310791015625,34.67310791015626,115.47310791015629,14.6650390625,14.6650390625
S013,S009,3218.668940693961,321.70806884765625,371.70806884765625,20.00806884765626,141.70806884765625,3218.668940693961,322.2989807128906,372.2989807128906,20.59898071289064,142.29898071289062,0.590911865234375,0.590911865234375
S013,S010,1383.351802046178,367.54681396484375,417.54681396484375,65.84681396484376,65.94681396484373,1383.351802046178,454.07037353515625,504.07037353515625,152.37037353515626,152.47037353515623,86.5235595703125,86.5235595703125
S013,S011,5224.677192376564,321.70806884765625,371.70806884765625,20.00806884765626,159.60806884765626,5224.677192376564,328.3608093261719,378.3608093261719,26.660809326171886,166.26080932617188,6.652740478515625,6.652740478515625
S013,S012,2863.9419168551267,378.296630859375,428.296630859375,76.59663085937501,148.496630859375,2863.9419168551267,386.5263671875,436.5263671875,84.82636718750001,156.7263671875,8.229736328125,8.229736328125
S013,S014,3137.277603600325,428.7874145507813,478.7874145507813,127.08741455078126,127.78741455078124,3137.277603600325,483.2603149414063,533.2603149414062,181.56031494140623,182.26031494140625,54.472900390625,54.47290039062494
S013,S015,8338.184804497143,436.229248046875,486.229248046875,134.529248046875,11.729248046875,8338.184804497143,529.7706298828125,579.7706298828125,228.0706298828125,105.2706298828125,93.5413818359375,93.5413818359375
S014,O01,5410.909620502695,369.5294799804688,419.5294799804688,68.52947998046875,291.8294799804688,5410.909620502695,541.9473876953125,591.9473876953125,240.9473876953125,464.2473876953125,172.4179077148437,172.4179077148437
S014,S001,5198.596162989784,508.7425231933594,558.7425231933594,207.74252319335935,374.7425231933594,5198.596162989784,550.0504150390625,600.0504150390625,249.0504150390625,416.0504150390625,41.307891845703125,41.307891845703125
S014,S002,7680.86897763051,568.5668334960938,618.5668334960938,267.5668334960937,399.06683349609375,7680.86897763051,457.5832214355469,507.5832214355469,156.58322143554688,288.0832214355469,-110.98361206054688,-110.98361206054688
S014,S003,12372.475028998617,441.46917724609375,491.46917724609375,140.46917724609375,152.96917724609375,12372.475028998617,542.7295532226562,592.7295532226562,241.72955322265625,254.22955322265625,101.2603759765625,101.2603759765625
S014,S004,9318.312212892464,550.0504150390625,600.0504150390625,249.0504150390625,371.7504150390625,9318.312212892464,505.3861083984375,555.3861083984375,204.3861083984375,327.0861083984375,-44.664306640625,-44.664306640625
S014,S005,8005.222170551042,532.1881103515625,582.1881103515625,231.1881103515625,387.1881103515625,8005.222170551042,552.8875122070312,602.8875122070312,251.88751220703125,407.8875122070313,20.69940185546875,20.69940185546875
S014,S006,8582.826645617135,356.5258178710937,406.52581787109375,55.52581787109375,91.72581787109374,8582.826645617135,556.662109375,606.662109375,255.662109375,291.862109375,200.1362915039063,200.13629150390625
S014,S007,9672.514871591644,437.9000244140625,487.9000244140625,136.9000244140625,139.4000244140625,9672.514871591644,530.8557739257812,580.8557739257812,229.85577392578125,232.35577392578125,92.95574951171875,92.95574951171875
S014,S008,10991.62867899915,552.8875122070312,602.8875122070312,251.88751220703125,331.9875122070313,10991.62867899915,542.4922485351562,592.4922485351562,241.49224853515625,321.5922485351563,-10.395263671875,-10.395263671875
S014,S009,6332.937688393668,552.1436157226562,602.1436157226562,251.14361572265625,372.14361572265625,6332.937688393668,502.7727966308594,552.7727966308594,201.77279663085935,322.7727966308594,-49.370819091796875,-49.370819091796875
S014,S010,1758.3683592479576,557.7218017578125,607.7218017578125,256.7218017578125,256.1218017578125,1758.3683592479576,487.5635681152344,537.5635681152344,186.5635681152344,185.96356811523435,-70.15823364257812,-70.15823364257812
S014,S011,7123.113479340445,466.0934448242188,516.0934448242188,165.09344482421875,303.9934448242187,7123.113479340445,568.5668334960938,618.5668334960938,267.5668334960937,406.4668334960937,102.47338867187494,102.473388671875
S014,S012,5477.031359647905,341.270263671875,391.270263671875,40.270263671875,111.470263671875,5477.031359647905,481.1858215332031,531.1858215332031,180.18582153320312,251.3858215332031,139.91555786132812,139.91555786132812
S014,S013,3137.277603600325,563.4961547851562,613.4961547851562,262.49615478515625,261.79615478515626,3137.277603600325,483.2603149414063,533.2603149414062,182.26031494140625,181.56031494140623,-80.23583984374994,-80.23583984375
S014,S015,10551.902543915849,483.2603149414063,533.2603149414062,182.26031494140625,58.76031494140625,10551.902543915849,578.795166015625,628.795166015625,277.795166015625,154.295166015625,95.5348510742187,95.53485107421875
S015,O01,6019.105634595292,535.643798828125,585.643798828125,111.143798828125,457.943798828125,6019.105634595292,521.7992553710938,571.7992553710938,97.29925537109376,444.09925537109376,-13.84454345703125,-13.84454345703125
S015,S001,5494.311766798541,452.43408203125,502.43408203125,27.93408203125,318.43408203125,5494.311766798541,547.315185546875,597.315185546875,122.815185546875,413.315185546875,94.881103515625,94.881103515625
S015,S002,7156.956228405488,723.9313354492188,773.9313354492188,299.43133544921875,554.4313354492188,7156.956228405488,593.7526245117188,643.7526245117188,169.25262451171875,424.2526245117188,-130.1787109375,-130.1787109375
S015,S003,2614.3562499141703,543.108642578125,593.108642578125,118.608642578125,254.608642578125,2614.3562499141703,437.89886474609375,487.89886474609375,13.39886474609375,149.39886474609375,-105.20977783203125,-105.20977783203125
S015,S004,5649.046264106804,655.6468505859375,705.6468505859375,231.1468505859375,477.3468505859375,5649.046264106804,641.2510375976562,691.2510375976562,216.75103759765625,462.9510375976562,-14.39581298828125,-14.39581298828125
S015,S005,3749.627303053092,665.5194091796875,715.5194091796875,241.0194091796875,520.5194091796875,3749.627303053092,568.6133422851562,618.6133422851562,144.11334228515625,423.61334228515625,-96.90606689453125,-96.90606689453125
S015,S006,4702.818713985765,462.4255981445313,512.4255981445312,37.92559814453125,197.62559814453124,4702.818713985765,601.2601318359375,651.2601318359375,176.7601318359375,336.4601318359375,138.8345336914062,138.83453369140625
S015,S007,2228.379705571588,436.229248046875,486.229248046875,11.729248046875,137.729248046875,2228.379705571588,452.918212890625,502.918212890625,28.418212890625,154.418212890625,16.68896484375,16.68896484375
S015,S008,3938.556255192018,634.592041015625,684.592041015625,210.092041015625,413.692041015625,3938.556255192018,660.450927734375,710.450927734375,235.950927734375,439.550927734375,25.85888671875,25.85888671875
S015,S009,6352.730835619762,660.640625,710.640625,236.140625,480.640625,6352.730835619762,532.3267822265625,582.3267822265625,107.8267822265625,352.3267822265625,-128.3138427734375,-128.3138427734375
S015,S010,9187.940692404369,534.3829345703125,584.3829345703125,109.8829345703125,232.78293457031248,9187.940692404369,568.3262329101562,618.3262329101562,143.82623291015625,266.7262329101562,33.94329833984375,33.94329833984375
S015,S011,3461.7683247234245,472.273193359375,522.273193359375,47.773193359375,310.173193359375,3461.7683247234245,538.7306518554688,588.7306518554688,114.23065185546876,376.6306518554687,66.45745849609375,66.45745849609375
S015,S012,9302.59595392879,657.286865234375,707.286865234375,232.786865234375,427.486865234375,9302.59595392879,534.7462158203125,584.7462158203125,110.2462158203125,304.9462158203125,-122.5406494140625,-122.5406494140625
S015,S013,8338.184804497143,458.4856872558594,508.4856872558594,33.985687255859375,156.7856872558594,8338.184804497143,529.7706298828125,579.7706298828125,105.2706298828125,228.0706298828125,71.28494262695312,71.28494262695312
S015,S014,10551.902543915849,462.3328857421875,512.3328857421875,37.8328857421875,161.3328857421875,10551.902543915849,578.795166015625,628.795166015625,154.295166015625,277.795166015625,116.4622802734375,116.4622802734375
