state_id,x,y,z,phase,node,direct,state_kind
BS000001,109.245157676,23.040435663,308.954254,cruise,,1,boundary
BS000002,109.245140048,23.040396322,308.954254,cruise,,1,boundary
BS000003,109.19806635,23.025306717,561.804138,cruise,,1,boundary
BS000004,109.197544981,23.025573835,561.804138,cruise,,1,boundary
BS000005,109.235614538,23.053622912,398.239166,cruise,,1,boundary
BS000006,109.23567658,23.054210565,398.239166,cruise,,1,boundary
BS000007,109.228657367,23.049468814,326.410889,cruise,,1,boundary
BS000008,109.228646774,23.04966654,326.410889,cruise,,1,boundary
BS000009,109.19863932,23.02621883,511.973175,cruise,,1,boundary
BS000010,109.197852284,23.026651517,511.973175,cruise,,1,boundary
BS000011,109.221207233,23.046332943,372.909332,cruise,,1,boundary
BS000012,109.220784256,23.047991764,372.909332,cruise,,1,boundary
BS000013,109.246480113,23.039905897,293.228912,cruise,,1,boundary
BS000014,109.246816581,23.040581839,293.228912,cruise,,1,boundary
BS000015,109.267146856,23.017261945,435.636536,cruise,,1,boundary
BS000016,109.268077235,23.017486303,435.636536,cruise,,1,boundary
BS000017,109.25798858,23.03236119,413.300995,cruise,,1,boundary
BS000018,109.258542903,23.032848406,413.300995,cruise,,1,boundary
BS000019,109.262951776,23.026391036,399.181824,cruise,,1,boundary
BS000020,109.263358881,23.026617816,399.181824,cruise,,1,boundary
BS000021,109.268283561,23.006167707,591.947388,cruise,,1,boundary
BS000022,109.268389907,23.006161054,591.947388,cruise,,1,boundary
BS000023,109.206307073,23.034631313,571.799255,cruise,,1,boundary
BS000024,109.206184953,23.03476128,571.799255,cruise,,1,boundary
BS000025,109.245381207,23.040934509,308.954254,cruise,,1,boundary
BS000026,109.197554079,23.025569174,561.804138,cruise,,1,boundary
BS000027,109.198313388,23.02518015,561.804138,cruise,,1,boundary
BS000028,109.235671239,23.054159976,398.239166,cruise,,1,boundary
BS000029,109.235619879,23.053673501,398.239166,cruise,,1,boundary
BS000030,109.228614057,23.050277222,326.410889,cruise,,1,boundary
BS000031,109.22866121,23.049397071,326.410889,cruise,,1,boundary
BS000032,109.198136002,23.026495538,511.973175,cruise,,1,boundary
BS000033,109.221475135,23.045282292,372.909332,cruise,,1,boundary
BS000034,109.246724307,23.040396465,293.228912,cruise,,1,boundary
BS000035,109.267713968,23.017398702,435.636536,cruise,,1,boundary
BS000036,109.267510123,23.017349546,435.636536,cruise,,1,boundary
BS000037,109.258412594,23.032733872,413.300995,cruise,,1,boundary
BS000038,109.257694875,23.032103041,413.300995,cruise,,1,boundary
BS000039,109.26345334,23.026670435,399.181824,cruise,,1,boundary
BS000040,109.262606535,23.026198718,399.181824,cruise,,1,boundary
BS000041,109.268868434,23.006131116,591.947388,cruise,,1,boundary
BS000042,109.268974779,23.006124463,591.947388,cruise,,1,boundary
BS000043,109.205923563,23.035039466,571.799255,cruise,,1,boundary
BS000044,109.205801443,23.035169433,571.799255,cruise,,1,boundary
BS000045,109.246173265,23.040645525,309.244843,cruise,,1,boundary
BS000046,109.24594605,23.040100706,309.244843,cruise,,1,boundary
BS000047,109.208217031,23.036736991,555.944397,cruise,,1,boundary
BS000048,109.208541318,23.03670787,555.944397,cruise,,1,boundary
BS000049,109.240777034,23.0550579,408.77774,cruise,,1,boundary
BS000050,109.24074901,23.05530294,408.77774,cruise,,1,boundary
BS000051,109.237127815,23.042807572,316.138,cruise,,1,boundary
BS000052,109.236846019,23.043232979,316.138,cruise,,1,boundary
BS000053,109.201186015,23.030111367,439.175354,cruise,,1,boundary
BS000054,109.200994689,23.030095526,439.175354,cruise,,1,boundary
BS000055,109.226809607,23.058329329,366.78717,cruise,,1,boundary
BS000056,109.228643833,23.055566464,366.78717,cruise,,1,boundary
BS000057,109.234757923,23.046356911,366.78717,cruise,,1,boundary
BS000058,109.235283583,23.045565118,366.78717,cruise,,1,boundary
BS000059,109.228558084,23.055695626,366.78717,cruise,,1,boundary
BS000060,109.227335267,23.057537536,366.78717,cruise,,1,boundary
BS000061,109.246678231,23.040449099,293.228912,cruise,,1,boundary
BS000062,109.246757406,23.040606616,293.228912,cruise,,1,boundary
BS000063,109.265515016,23.023946872,431.079681,cruise,,1,boundary
BS000064,109.265405793,23.023994152,431.079681,cruise,,1,boundary
BS000065,109.259545129,23.042125178,435.599609,cruise,,1,boundary
BS000066,109.259685434,23.042198563,435.599609,cruise,,1,boundary
BS000067,109.259573047,23.032138935,378.360809,cruise,,1,boundary
BS000068,109.258544427,23.032230444,378.360809,cruise,,1,boundary
BS000069,109.268389005,23.015903132,600.050415,cruise,,1,boundary
BS000070,109.267756941,23.016347576,600.050415,cruise,,1,boundary
BS000071,109.208800968,23.044332355,597.315186,cruise,,1,boundary
BS000072,109.207928053,23.044604633,597.315186,cruise,,1,boundary
BS000073,109.230339043,23.057090328,406.798645,cruise,,1,boundary
BS000074,109.2283003,23.0561338,356.798645,descend,S005,1,boundary
BS000075,109.2283003,23.0561338,375.0,climb,S005,1,boundary
BS000076,109.230390141,23.057114302,406.798645,cruise,,1,boundary
BS000077,109.271781472,23.031750766,491.853943,cruise,,1,boundary
BS000078,109.269310863,23.038954855,491.853943,cruise,,1,boundary
BS000079,109.265781423,23.049246411,491.853943,cruise,,1,boundary
BS000080,109.264016703,23.054392188,491.853943,cruise,,1,boundary
BS000081,109.262787228,23.057977234,491.853943,cruise,,1,boundary
BS000082,109.264199005,23.053860611,491.853943,cruise,,1,boundary
BS000083,109.266316669,23.047685678,491.853943,cruise,,1,boundary
BS000084,109.269493165,23.038423278,491.853943,cruise,,1,boundary
BS000085,109.271610829,23.032248345,491.853943,cruise,,1,boundary
BS000086,109.237958968,23.049633026,361.785339,cruise,,1,boundary
BS000087,109.234790825,23.046449322,361.785339,cruise,,1,boundary
BS000088,109.231622681,23.043265618,361.785339,cruise,,1,boundary
BS000089,109.232216138,23.043861989,361.785339,cruise,,1,boundary
BS000090,109.235384281,23.047045693,361.785339,cruise,,1,boundary
BS000091,109.237760389,23.049433471,361.785339,cruise,,1,boundary
BS000092,109.18969552,23.018334313,662.362671,cruise,,1,boundary
BS000093,109.189750624,23.018276301,662.362671,cruise,,1,boundary
BS000094,109.205814691,23.034277997,535.422302,cruise,,1,boundary
BS000095,109.205321863,23.03435792,535.422302,cruise,,1,boundary
BS000096,109.228664396,23.056934485,365.80658,cruise,,1,boundary
BS000097,109.2283003,23.0561338,365.80658,descend,S005,1,boundary
BS000098,109.2283003,23.0561338,365.80658,cruise,,1,boundary
BS000099,109.228753014,23.057129367,365.80658,cruise,,1,boundary
BS000100,109.228697896,23.053451846,361.138916,cruise,,1,boundary
BS000101,109.22632952,23.047354457,361.138916,cruise,,1,boundary
BS000102,109.224750602,23.043289532,361.138916,cruise,,1,boundary
BS000103,109.224677623,23.043101646,361.138916,cruise,,1,boundary
BS000104,109.22625654,23.047166571,361.138916,cruise,,1,boundary
BS000105,109.229019646,23.054280191,361.138916,cruise,,1,boundary
BS000106,109.226065159,23.052338652,416.7323,cruise,,1,boundary
BS000107,109.224388803,23.049492292,416.7323,cruise,,1,boundary
BS000108,109.224370152,23.049460624,416.7323,cruise,,1,boundary
BS000109,109.226046508,23.052306985,416.7323,cruise,,1,boundary
BS000110,109.2283003,23.0561338,366.7323,descend,S005,1,boundary
BS000111,109.214602586,23.045820249,517.147827,cruise,,1,boundary
BS000112,109.2283003,23.0561338,367.147827,descend,S005,1,boundary
BS000113,109.213777976,23.045199367,517.147827,cruise,,1,boundary
BS000114,109.226831759,23.05834113,366.78717,cruise,,1,boundary
BS000115,109.2283003,23.0561338,366.78717,descend,S005,1,boundary
BS000116,109.2283003,23.0561338,366.78717,cruise,,1,boundary
BS000117,109.227075556,23.057974684,366.78717,cruise,,1,boundary
BS000118,109.2283003,23.0561338,363.563202,cruise,,1,boundary
BS000119,109.228355162,23.056132028,363.563202,cruise,,1,boundary
BS000120,109.2283003,23.0561338,363.563202,descend,S005,1,boundary
BS000121,109.266078753,23.027051362,466.153259,cruise,,1,boundary
BS000122,109.266122443,23.027017729,466.153259,cruise,,1,boundary
BS000123,109.2283003,23.0561338,366.153259,descend,S005,1,boundary
BS000124,109.227960504,23.055100905,347.54892,cruise,,1,boundary
BS000125,109.227280912,23.053035115,347.54892,cruise,,1,boundary
BS000126,109.223882952,23.042706163,347.54892,cruise,,1,boundary
BS000127,109.224073356,23.043284947,347.54892,cruise,,1,boundary
BS000128,109.227471317,23.053613898,347.54892,cruise,,1,boundary
BS000129,109.228150909,23.055679688,347.54892,cruise,,1,boundary
BS000130,109.2283003,23.0561338,374.444458,cruise,,1,boundary
BS000131,109.236232219,23.051522772,374.444458,cruise,,1,boundary
BS000132,109.238215199,23.050370015,374.444458,cruise,,1,boundary
BS000133,109.240198179,23.049217258,374.444458,cruise,,1,boundary
BS000134,109.242181158,23.048064502,374.444458,cruise,,1,boundary
BS000135,109.244164138,23.046911745,374.444458,cruise,,1,boundary
BS000136,109.255070527,23.040571582,374.444458,cruise,,1,boundary
BS000137,109.256062017,23.039995203,374.444458,cruise,,1,boundary
BS000138,109.210772338,23.052874788,618.613342,cruise,,1,boundary
BS000139,109.2283003,23.0561338,368.613342,descend,S005,1,boundary
BS000140,109.21105617,23.052927561,618.613342,cruise,,1,boundary
BS000141,109.195134124,23.022203916,590.361328,cruise,,1,boundary
BS000142,109.1928191,23.0294186,590.361328,descend,S007,1,boundary
BS000143,109.1928191,23.0294186,588.5,climb,S007,1,boundary
BS000144,109.1928191,23.0294186,590.361328,cruise,,1,boundary
BS000145,109.195143838,23.022173642,590.361328,cruise,,1,boundary
BS000146,109.244815845,23.04713457,391.071289,cruise,,1,boundary
BS000147,109.24564575,23.047861057,391.071289,cruise,,1,boundary
BS000148,109.267920815,23.018159748,433.222778,cruise,,1,boundary
BS000149,109.266864622,23.017997829,433.222778,cruise,,1,boundary
BS000150,109.26387917,23.028638251,394.170929,cruise,,1,boundary
BS000151,109.263648228,23.028562859,394.170929,cruise,,1,boundary
BS000152,109.268921201,23.005648195,606.662109,cruise,,1,boundary
BS000153,109.268362891,23.005664877,606.662109,cruise,,1,boundary
BS000154,109.195401808,23.032413459,651.260132,cruise,,1,boundary
BS000155,109.195248788,23.033276011,651.260132,cruise,,1,boundary
BS000156,109.204545017,23.034367294,468.370819,cruise,,1,boundary
BS000157,109.249316698,23.053262307,468.370819,cruise,,1,boundary
BS000158,109.248812438,23.053049494,468.370819,cruise,,1,boundary
BS000159,109.205106749,23.034604362,468.370819,cruise,,1,boundary
BS000160,109.266715291,23.02052088,436.949646,cruise,,1,boundary
BS000161,109.199279354,23.028640731,436.949646,cruise,,1,boundary
BS000162,109.200987807,23.0301621,439.175354,cruise,,1,boundary
BS000163,109.200497312,23.030117456,439.175354,cruise,,1,boundary
BS000164,109.267866894,23.031013459,432.538116,cruise,,1,boundary
BS000165,109.199871446,23.029568471,432.538116,cruise,,1,boundary
BS000166,109.199853112,23.029568082,432.538116,cruise,,1,boundary
BS000167,109.26784856,23.03101307,432.538116,cruise,,1,boundary
BS000168,109.215982211,23.059223973,412.916504,cruise,,1,boundary
BS000169,109.215908743,23.059684705,412.916504,cruise,,1,boundary
BS000170,109.207272781,23.071433087,710.450928,cruise,,1,boundary
BS000171,109.2127472,23.0795113,560.450928,descend,S008,1,boundary
BS000172,109.2127472,23.0795113,570.9,climb,S008,1,boundary
BS000173,109.207161882,23.071269442,710.450928,cruise,,1,boundary
BS000174,109.269133886,23.030696426,482.957275,cruise,,1,boundary
BS000175,109.265692429,23.036344189,482.957275,cruise,,1,boundary
BS000176,109.262824548,23.041050659,482.957275,cruise,,1,boundary
BS000177,109.257662362,23.049522303,482.957275,cruise,,1,boundary
BS000178,109.257583857,23.049651137,482.957275,cruise,,1,boundary
BS000179,109.262746043,23.041179492,482.957275,cruise,,1,boundary
BS000180,109.265613924,23.036473023,482.957275,cruise,,1,boundary
BS000181,109.269055381,23.03082526,482.957275,cruise,,1,boundary
BS000182,109.2362744,23.042944025,315.667664,cruise,,1,boundary
BS000183,109.236328447,23.042981396,315.667664,cruise,,1,boundary
BS000184,109.255816743,23.052451547,552.772797,cruise,,1,boundary
BS000185,109.26921149,23.029672719,552.772797,cruise,,1,boundary
BS000186,109.269643739,23.028937645,552.772797,cruise,,1,boundary
BS000187,109.256248992,23.051716473,552.772797,cruise,,1,boundary
BS000188,109.211045611,23.051221075,582.326782,cruise,,1,boundary
BS000189,109.253046386,23.055195195,582.326782,cruise,,1,boundary
BS000190,109.252975712,23.055188508,582.326782,cruise,,1,boundary
BS000191,109.210974937,23.051214388,582.326782,cruise,,1,boundary
BS000192,109.265899302,23.021676234,437.043335,cruise,,1,boundary
BS000193,109.265764967,23.021706445,437.043335,cruise,,1,boundary
BS000194,109.245465122,23.040942863,420.450562,cruise,,1,boundary
BS000195,109.253113237,23.043688009,420.450562,cruise,,1,boundary
BS000196,109.254205825,23.044080172,420.450562,cruise,,1,boundary
BS000197,109.257483589,23.045256663,420.450562,cruise,,1,boundary
BS000198,109.261853941,23.046825318,420.450562,cruise,,1,boundary
BS000199,109.261283942,23.046620727,420.450562,cruise,,1,boundary
BS000200,109.25691359,23.045052073,420.450562,cruise,,1,boundary
BS000201,109.253635826,23.043875582,420.450562,cruise,,1,boundary
BS000202,109.245987711,23.041130437,420.450562,cruise,,1,boundary
BS000203,109.260199702,23.031271119,378.360809,cruise,,1,boundary
BS000204,109.262004111,23.031241607,378.360809,cruise,,1,boundary
BS000205,109.259659164,23.031279959,378.360809,cruise,,1,boundary
BS000206,109.268676372,23.011510107,618.566833,cruise,,1,boundary
BS000207,109.268293477,23.011671793,618.566833,cruise,,1,boundary
BS000208,109.210644484,23.038000352,588.730652,cruise,,1,boundary
BS000209,109.210791721,23.03790802,588.730652,cruise,,1,boundary
BS000210,109.27191829,23.029955837,533.260315,cruise,,1,boundary
BS000211,109.2713839,23.0310882,508.260315,descend,S013,1,boundary
BS000212,109.2713839,23.0310882,531.7,climb,S013,1,boundary
BS000213,109.271851032,23.030098355,533.260315,cruise,,1,boundary
BS000214,109.245858119,23.039889865,309.244843,cruise,,1,boundary
BS000215,109.208249527,23.036734073,555.944397,cruise,,1,boundary
BS000216,109.240779695,23.055034625,408.77774,cruise,,1,boundary
BS000217,109.236693417,23.043463351,316.138,cruise,,1,boundary
BS000218,109.20089403,23.030087191,439.175354,cruise,,1,boundary
BS000219,109.201578659,23.030143878,439.175354,cruise,,1,boundary
BS000220,109.227268163,23.057638613,366.78717,cruise,,1,boundary
BS000221,109.228796686,23.055336225,366.78717,cruise,,1,boundary
BS000222,109.234910776,23.046126672,366.78717,cruise,,1,boundary
BS000223,109.246308981,23.039714485,293.228912,cruise,,1,boundary
BS000224,109.264453915,23.024406197,431.079681,cruise,,1,boundary
BS000225,109.259800023,23.042258498,435.599609,cruise,,1,boundary
BS000226,109.260195222,23.042465203,435.599609,cruise,,1,boundary
BS000227,109.259281241,23.032164895,378.360809,cruise,,1,boundary
BS000228,109.258252621,23.032256404,378.360809,cruise,,1,boundary
BS000229,109.267690196,23.016394509,600.050415,cruise,,1,boundary
BS000230,109.267291069,23.016675161,600.050415,cruise,,1,boundary
BS000231,109.208523299,23.044418965,597.315186,cruise,,1,boundary
BS000232,109.209038728,23.044258193,597.315186,cruise,,1,boundary
BS000233,109.229606451,23.056746614,406.798645,cruise,,1,boundary
BS000234,109.229816583,23.056845202,406.798645,cruise,,1,boundary
BS000235,109.24226242,23.052971913,394.298706,cruise,,1,boundary
BS000236,109.241944606,23.052633307,394.298706,cruise,,1,boundary
BS000237,109.217106211,23.04453357,474.72818,cruise,,1,boundary
BS000238,109.2474651,23.063427282,474.72818,cruise,,1,boundary
BS000239,109.251108167,23.065694528,474.72818,cruise,,1,boundary
BS000240,109.271605,23.032265344,491.853943,cruise,,1,boundary
BS000241,109.269399099,23.038697566,491.853943,cruise,,1,boundary
BS000242,109.266310839,23.047702677,491.853943,cruise,,1,boundary
BS000243,109.264104939,23.0541349,491.853943,cruise,,1,boundary
BS000244,109.262781399,23.057994233,491.853943,cruise,,1,boundary
BS000245,109.264287241,23.053603322,491.853943,cruise,,1,boundary
BS000246,109.266051961,23.048457545,491.853943,cruise,,1,boundary
BS000247,109.269581401,23.038165989,491.853943,cruise,,1,boundary
BS000248,109.271787301,23.031733767,491.853943,cruise,,1,boundary
BS000249,109.235186272,23.046846711,361.785339,cruise,,1,boundary
BS000250,109.237166362,23.048836526,361.785339,cruise,,1,boundary
BS000251,109.237760959,23.049434044,361.785339,cruise,,1,boundary
BS000252,109.23182069,23.0434646,361.785339,cruise,,1,boundary
BS000253,109.2585519,23.0703271,609.5,climb,S002,1,boundary
BS000254,109.210010339,23.055016181,643.752625,cruise,,1,boundary
BS000255,109.211404381,23.051625076,583.888062,cruise,,1,boundary
BS000256,109.211097598,23.05154321,583.888062,cruise,,1,boundary
BS000257,109.2283003,23.0561338,358.888062,descend,S005,1,boundary
BS000258,109.189116694,23.018943676,662.362671,cruise,,1,boundary
BS000259,109.189171798,23.018885665,662.362671,cruise,,1,boundary
BS000260,109.204948513,23.034418467,535.422302,cruise,,1,boundary
BS000261,109.205899315,23.034264273,535.422302,cruise,,1,boundary
BS000262,109.228866193,23.057378259,365.80658,cruise,,1,boundary
BS000263,109.228551217,23.056685594,365.80658,cruise,,1,boundary
BS000264,109.228279051,23.05976991,425.28064,cruise,,1,boundary
BS000265,109.225641091,23.054950847,425.28064,cruise,,1,boundary
BS000266,109.223662621,23.051336549,425.28064,cruise,,1,boundary
BS000267,109.223525238,23.051085575,425.28064,cruise,,1,boundary
BS000268,109.225503708,23.054699873,425.28064,cruise,,1,boundary
BS000269,109.228801157,23.060723703,425.28064,cruise,,1,boundary
BS000270,109.224776305,23.043355704,361.138916,cruise,,1,boundary
BS000271,109.228723599,23.053518018,361.138916,cruise,,1,boundary
BS000272,109.228796578,23.053705904,361.138916,cruise,,1,boundary
BS000273,109.224849285,23.043543589,361.138916,cruise,,1,boundary
BS000274,109.2381714,23.0778414,528.3,climb,S004,1,boundary
BS000275,109.207772817,23.058997555,691.251038,cruise,,1,boundary
BS000276,109.205340931,23.057490048,691.251038,cruise,,1,boundary
BS000277,109.202909044,23.05598254,691.251038,cruise,,1,boundary
BS000278,109.226204855,23.052575849,416.7323,cruise,,1,boundary
BS000279,109.224807892,23.050203882,416.7323,cruise,,1,boundary
BS000280,109.224230456,23.049223427,416.7323,cruise,,1,boundary
BS000281,109.225627419,23.051595395,416.7323,cruise,,1,boundary
BS000282,109.214685621,23.045882769,517.147827,cruise,,1,boundary
BS000283,109.214375675,23.045649399,517.147827,cruise,,1,boundary
BS000284,109.227291038,23.057650798,366.78717,cruise,,1,boundary
BS000285,109.22676937,23.058434905,366.78717,cruise,,1,boundary
BS000286,109.265404138,23.027570691,466.153259,cruise,,1,boundary
BS000287,109.265897571,23.027190839,466.153259,cruise,,1,boundary
BS000288,109.22373356,23.042252051,347.54892,cruise,,1,boundary
BS000289,109.227556266,23.053872122,347.54892,cruise,,1,boundary
BS000290,109.227981011,23.055163241,347.54892,cruise,,1,boundary
BS000291,109.227875555,23.054842681,347.54892,cruise,,1,boundary
BS000292,109.22745081,23.053551562,347.54892,cruise,,1,boundary
BS000293,109.22405285,23.043222611,347.54892,cruise,,1,boundary
BS000294,109.228920334,23.056114919,363.563202,cruise,,1,boundary
BS000295,109.256511552,23.039733877,374.444458,cruise,,1,boundary
BS000296,109.255272189,23.04045435,374.444458,cruise,,1,boundary
BS000297,109.244117928,23.046938608,374.444458,cruise,,1,boundary
BS000298,109.241639204,23.048379554,374.444458,cruise,,1,boundary
BS000299,109.240399841,23.049100027,374.444458,cruise,,1,boundary
BS000300,109.237921116,23.050540973,374.444458,cruise,,1,boundary
BS000301,109.2283003,23.0561338,374.444458,descend,S005,1,boundary
BS000302,109.235736474,23.051810962,374.444458,cruise,,1,boundary
BS000303,109.240693924,23.048929069,374.444458,cruise,,1,boundary
BS000304,109.241933286,23.048208596,374.444458,cruise,,1,boundary
BS000305,109.244412011,23.04676765,374.444458,cruise,,1,boundary
BS000306,109.255566272,23.040283392,374.444458,cruise,,1,boundary
BS000307,109.266637083,23.020828252,602.887512,cruise,,1,boundary
BS000308,109.211059741,23.052928225,618.613342,cruise,,1,boundary
BS000309,109.195309891,23.021656145,590.361328,cruise,,1,boundary
BS000310,109.19521715,23.021945168,590.361328,cruise,,1,boundary
BS000311,109.204589121,23.034328783,567.842102,cruise,,1,boundary
BS000312,109.209875193,23.063605044,567.842102,cruise,,1,boundary
BS000313,109.2127472,23.0795113,567.842102,descend,S008,1,boundary
BS000314,109.245453094,23.047692409,391.071289,cruise,,1,boundary
BS000315,109.267732049,23.01813081,433.222778,cruise,,1,boundary
BS000316,109.26734253,23.018071095,433.222778,cruise,,1,boundary
BS000317,109.259864244,23.041411652,435.34903,cruise,,1,boundary
BS000318,109.259353779,23.041125346,435.34903,cruise,,1,boundary
BS000319,109.263326622,23.02845787,394.170929,cruise,,1,boundary
BS000320,109.26309568,23.028382478,394.170929,cruise,,1,boundary
BS000321,109.268948803,23.00564737,606.662109,cruise,,1,boundary
BS000322,109.268628245,23.005656949,606.662109,cruise,,1,boundary
BS000323,109.195449046,23.032147188,651.260132,cruise,,1,boundary
BS000324,109.195296025,23.03300974,651.260132,cruise,,1,boundary
BS000325,109.204840251,23.034491892,468.370819,cruise,,1,boundary
BS000326,109.265843275,23.020625878,436.949646,cruise,,1,boundary
BS000327,109.200442043,23.028500734,436.949646,cruise,,1,boundary
BS000328,109.201372531,23.030197117,439.175354,cruise,,1,boundary
BS000329,109.201571286,23.030215207,439.175354,cruise,,1,boundary
BS000330,109.1928191,23.0294186,580.855774,cruise,,1,boundary
BS000331,109.268838394,23.009145476,580.855774,cruise,,1,boundary
BS000332,109.215939645,23.059490912,412.916504,cruise,,1,boundary
BS000333,109.215866177,23.059951644,412.916504,cruise,,1,boundary
BS000334,109.207117633,23.071204147,710.450928,cruise,,1,boundary
BS000335,109.20731703,23.071498383,710.450928,cruise,,1,boundary
BS000336,109.268847098,23.031167073,482.957275,cruise,,1,boundary
BS000337,109.265262246,23.03705016,482.957275,cruise,,1,boundary
BS000338,109.263111336,23.040580012,482.957275,cruise,,1,boundary
BS000339,109.257375574,23.04999295,482.957275,cruise,,1,boundary
BS000340,109.257727251,23.049415813,482.957275,cruise,,1,boundary
BS000341,109.269198775,23.030589936,482.957275,cruise,,1,boundary
BS000342,109.236743188,23.04326817,315.667664,cruise,,1,boundary
BS000343,109.256388521,23.051479194,552.772797,cruise,,1,boundary
BS000344,109.256235329,23.051739708,552.772797,cruise,,1,boundary
BS000345,109.269490547,23.02919816,552.772797,cruise,,1,boundary
BS000346,109.211337283,23.051248673,582.326782,cruise,,1,boundary
BS000347,109.25362973,23.055250391,582.326782,cruise,,1,boundary
BS000348,109.25268404,23.05516091,582.326782,cruise,,1,boundary
BS000349,109.211849953,23.051297182,582.326782,cruise,,1,boundary
BS000350,109.26604974,23.021642402,437.043335,cruise,,1,boundary
BS000351,109.265093151,23.023326119,618.326233,cruise,,1,boundary
BS000352,109.207743993,23.043933519,618.326233,cruise,,1,boundary
BS000353,109.257186737,23.045150114,420.450562,cruise,,1,boundary
BS000354,109.253089532,23.0436795,420.450562,cruise,,1,boundary
BS000355,109.244895123,23.040738273,420.450562,cruise,,1,boundary
BS000356,109.244918828,23.040746782,420.450562,cruise,,1,boundary
BS000357,109.254478972,23.044178213,420.450562,cruise,,1,boundary
BS000358,109.257210442,23.045158622,420.450562,cruise,,1,boundary
BS000359,109.261307647,23.046629236,420.450562,cruise,,1,boundary
BS000360,109.259906584,23.031275913,378.360809,cruise,,1,boundary
BS000361,109.268942804,23.011397599,618.566833,cruise,,1,boundary
BS000362,109.210549443,23.038059952,588.730652,cruise,,1,boundary
BS000363,109.283268409,23.040281942,531.185822,cruise,,1,boundary
BS000364,109.283217919,23.045677672,531.185822,cruise,,1,boundary
BS000365,109.271967815,23.029850893,533.260315,cruise,,1,boundary
BS000366,109.209433816,23.045489923,579.77063,cruise,,1,boundary
BS000367,109.2713839,23.0310882,529.77063,descend,S013,1,boundary
BS000368,109.208848109,23.045626084,579.77063,cruise,,1,boundary
BS000369,109.234825027,23.046255835,366.78717,cruise,,1,boundary
BS000370,109.228710937,23.055465387,366.78717,cruise,,1,boundary
BS000371,109.227182414,23.057767775,366.78717,cruise,,1,boundary
BS000372,109.2283003,23.0561338,370.0,climb,S005,1,boundary
BS000373,109.2283003,23.0561338,366.798645,descend,S005,1,boundary
BS000374,109.1928191,23.0294186,573.5,climb,S007,1,boundary
BS000375,109.193776175,23.030440472,593.237,cruise,,1,boundary
BS000376,109.208132304,23.045768559,593.237,cruise,,1,boundary
BS000377,109.2381714,23.0778414,533.237,descend,S004,1,boundary
BS000378,109.20332209,23.056238584,691.251038,cruise,,1,boundary
BS000379,109.205753976,23.057746092,691.251038,cruise,,1,boundary
BS000380,109.208185863,23.059253599,691.251038,cruise,,1,boundary
BS000381,109.2381714,23.0778414,531.251038,descend,S004,1,boundary
BS000382,109.2283003,23.0561338,356.7323,descend,S005,1,boundary
BS000383,109.2283003,23.0561338,357.147827,descend,S005,1,boundary
BS000384,109.2283003,23.0561338,354.444458,descend,S005,1,boundary
BS000385,109.265982402,23.021431168,602.887512,cruise,,1,boundary
BS000386,109.2283003,23.0561338,362.887512,descend,S005,1,boundary
BS000387,109.2283003,23.0561338,358.613342,descend,S005,1,boundary
BS000388,109.1928191,23.0294186,570.361328,descend,S007,1,boundary
BS000389,109.194330967,23.033218938,656.739502,cruise,,1,boundary
BS000390,109.208441729,23.068688761,656.739502,cruise,,1,boundary
BS000391,109.2127472,23.0795113,556.739502,descend,S008,1,boundary
BS000392,109.204811515,23.034479764,468.370819,cruise,,1,boundary
BS000393,109.248783702,23.053037366,468.370819,cruise,,1,boundary
BS000394,109.200085904,23.028543616,436.949646,cruise,,1,boundary
BS000395,109.266940496,23.020493763,436.949646,cruise,,1,boundary
BS000396,109.266987643,23.030994774,432.538116,cruise,,1,boundary
BS000397,109.201043781,23.029593385,432.538116,cruise,,1,boundary
BS000398,109.200146196,23.02957431,432.538116,cruise,,1,boundary
BS000399,109.267555477,23.031006841,432.538116,cruise,,1,boundary
BS000400,109.268111188,23.00933941,580.855774,cruise,,1,boundary
BS000401,109.1928191,23.0294186,580.855774,descend,S007,1,boundary
BS000402,109.236562841,23.043143468,315.667664,cruise,,1,boundary
BS000403,109.283211436,23.046370406,531.185822,cruise,,1,boundary
BS000404,109.283261927,23.040974676,531.185822,cruise,,1,boundary
BS000405,109.2713839,23.0310882,513.260315,descend,S013,1,boundary
BS000406,109.2713839,23.0310882,519.77063,descend,S013,1,boundary
BS000407,109.2713839,23.0310882,526.7,climb,S013,1,boundary
