K,group_services,total_resources,total_shortage,work_cv,TUAV_A,TUAV_B,TUAV_C,TBAT_A,TBAT_B,TBAT_C,RUAV,REC
2,S001>S006>S014>S002>S004>S009>S012>S013>S003>S010|S005>S007>S015>S008>S011,25,3,0.5055695025569502,1,2,3,1,4,5,3,6
2,S001>S006>S014>S002>S004>S009>S012>S013>S003>S005>S007>S015>S008>S011|S010,25,3,0.8931473733147374,1,3,2,1,5,4,3,6
2,S001>S006>S014>S005>S007>S015>S008>S011|S002>S004>S009>S012>S013>S003>S010,25,3,0.10356113435611343,1,3,3,1,4,5,2,6
2,S001>S006>S014>S002>S004>S009>S012>S013>S003|S005>S007>S015>S008>S011>S010,26,5,0.3987168758716876,1,3,3,1,5,5,3,5
2,S001>S006>S014>S003>S005>S007>S015|S002>S004>S009>S012>S013>S008>S011>S010,28,6,0.04494653649465365,1,3,4,1,5,5,3,6
2,S001>S006>S014>S005>S007>S015>S008>S011>S010|S002>S004>S009>S012>S013>S003,28,6,0.003291492329149233,1,4,3,1,5,5,3,6
2,S001>S006>S014>S003>S007>S015>S008>S011|S002>S004>S009>S012>S013>S005>S010,29,7,0.02490004649000465,1,3,4,1,5,5,3,7
2,S001>S006>S014>S003>S007>S015>S010|S002>S004>S009>S012>S013>S005>S008>S011,29,7,0.0600836820083682,1,4,4,1,4,5,4,6
2,S001>S006>S014>S003>S008>S011>S010|S002>S004>S009>S012>S013>S005>S007>S015,31,9,0.04885169688516969,1,4,4,1,4,5,4,8
